[
  {
    "path": "posts/2021-04-01-feliz-aniversario/",
    "title": "Feliz Aniversario",
    "description": "A short description of the post.",
    "author": [
      {
        "name": "Nora Jones",
        "url": "https://example.com/norajones"
      }
    ],
    "date": "2021-04-01",
    "categories": [],
    "contents": "\nDistill is a publication format for scientific and technical writing, native to the web.\nLearn more about using Distill at https://rstudio.github.io/distill.\n\n\n\n",
    "preview": {},
    "last_modified": "2021-04-01T20:21:22-03:00",
    "input_file": {}
  },
  {
    "path": "posts/2021-04-01-primeiro-de-abril/",
    "title": "primeiro-de-abril",
    "description": "A short description of the post.",
    "author": [
      {
        "name": "Nora Jones",
        "url": "https://example.com/norajones"
      }
    ],
    "date": "2021-04-01",
    "categories": [],
    "contents": "\nDistill is a publication format for scientific and technical writing, native to the web.\nLearn more about using Distill at https://rstudio.github.io/distill.\n\n\n\n",
    "preview": {},
    "last_modified": "2021-04-01T20:32:05-03:00",
    "input_file": {}
  },
  {
    "path": "posts/welcome/",
    "title": "Welcome to Blog de exemplo com distill",
    "description": "Welcome to our new blog, Blog de exemplo com distill. We hope you enjoy \nreading what we have to say!",
    "author": [
      {
        "name": "Nora Jones",
        "url": "https://example.com/norajones"
      }
    ],
    "date": "2021-04-01",
    "categories": [],
    "contents": "\n\n\n\n",
    "preview": {},
    "last_modified": "2021-04-01T20:09:08-03:00",
    "input_file": {}
  }
]
